dataset,ABbetter,BPbetter,NBbetter,RFCbetter,SVMbetter
avila_Isomap_10.npy,0.0,1.0,0.0,0.0,0.0
avila_Isomap_2.npy,0.0,0.0,0.0,0.0,0.0
avila_Isomap_3.npy,0.0,0.0,0.0,0.0,0.0
avila_Isomap_5.npy,0.0,0.0,0.0,0.0,0.0
avila_KPCA_10.npy,0.0,0.0,0.0,0.0,0.0
avila_KPCA_2.npy,0.0,0.0,0.0,0.0,0.0
avila_KPCA_3.npy,0.0,0.0,0.0,0.0,0.0
avila_KPCA_5.npy,0.0,0.0,0.0,0.0,0.0
avila_LDA_10.npy,0.0,1.0,0.0,0.0,1.0
avila_LDA_2.npy,0.0,0.0,1.0,0.0,0.0
avila_LDA_3.npy,0.0,0.0,1.0,0.0,0.0
avila_LDA_5.npy,0.0,1.0,1.0,0.0,0.0
avila_LE_10.npy,0.0,0.0,1.0,0.0,0.0
avila_LE_2.npy,0.0,0.0,0.0,0.0,0.0
avila_LE_3.npy,0.0,0.0,0.0,0.0,0.0
avila_LE_5.npy,0.0,0.0,0.0,0.0,0.0
avila_LLE_10.npy,0.0,1.0,0.0,0.0,0.0
avila_LLE_2.npy,0.0,0.0,0.0,0.0,0.0
avila_LLE_3.npy,0.0,0.0,0.0,0.0,0.0
avila_LLE_5.npy,0.0,0.0,0.0,0.0,0.0
avila_MDS_10.npy,0.0,1.0,0.0,0.0,0.0
avila_MDS_2.npy,0.0,0.0,0.0,0.0,0.0
avila_MDS_3.npy,0.0,0.0,0.0,0.0,0.0
avila_MDS_5.npy,0.0,1.0,0.0,0.0,0.0
avila_PCA_10.npy,0.0,1.0,1.0,0.0,1.0
avila_PCA_2.npy,0.0,0.0,0.0,0.0,0.0
avila_PCA_3.npy,0.0,0.0,0.0,0.0,0.0
avila_PCA_5.npy,0.0,1.0,0.0,0.0,0.0
avila_T-SNE_10.npy,0.0,1.0,1.0,0.0,0.0
avila_T-SNE_2.npy,0.0,0.0,1.0,0.0,0.0
avila_T-SNE_3.npy,0.0,0.0,1.0,0.0,0.0
avila_T-SNE_5.npy,0.0,1.0,1.0,0.0,0.0
creditcard_Isomap_10.npy,0.0,0.0,0.0,0.0,0.0
creditcard_Isomap_2.npy,0.0,0.0,0.0,0.0,0.0
creditcard_Isomap_3.npy,0.0,0.0,0.0,0.0,0.0
creditcard_Isomap_5.npy,0.0,0.0,0.0,0.0,0.0
creditcard_KPCA_10.npy,1.0,1.0,1.0,1.0,1.0
creditcard_KPCA_2.npy,0.0,0.0,0.0,0.0,0.0
creditcard_KPCA_3.npy,1.0,1.0,0.0,1.0,0.0
creditcard_KPCA_5.npy,1.0,1.0,0.0,1.0,1.0
creditcard_LDA_10.npy,0.0,1.0,1.0,0.0,0.0
creditcard_LDA_2.npy,0.0,1.0,1.0,0.0,0.0
creditcard_LDA_3.npy,0.0,1.0,1.0,0.0,0.0
creditcard_LDA_5.npy,0.0,1.0,1.0,0.0,0.0
creditcard_LE_10.npy,0.0,0.0,0.0,0.0,0.0
creditcard_LE_2.npy,0.0,0.0,0.0,0.0,0.0
creditcard_LE_3.npy,0.0,0.0,0.0,0.0,0.0
creditcard_LE_5.npy,0.0,0.0,0.0,0.0,0.0
creditcard_LLE_10.npy,0.0,0.0,0.0,0.0,0.0
creditcard_LLE_2.npy,0.0,0.0,0.0,0.0,0.0
creditcard_LLE_3.npy,0.0,0.0,0.0,0.0,0.0
creditcard_LLE_5.npy,0.0,0.0,0.0,0.0,0.0
creditcard_MDS_10.npy,0.0,0.0,0.0,0.0,0.0
creditcard_MDS_2.npy,0.0,0.0,0.0,0.0,0.0
creditcard_MDS_3.npy,0.0,0.0,0.0,0.0,0.0
creditcard_MDS_5.npy,0.0,0.0,0.0,0.0,0.0
creditcard_PCA_10.npy,0.0,0.0,0.0,0.0,0.0
creditcard_PCA_2.npy,0.0,0.0,0.0,0.0,0.0
creditcard_PCA_3.npy,0.0,0.0,0.0,0.0,0.0
creditcard_PCA_5.npy,0.0,0.0,0.0,0.0,0.0
creditcard_T-SNE_10.npy,0.0,0.0,0.0,0.0,0.0
creditcard_T-SNE_2.npy,0.0,0.0,0.0,0.0,0.0
creditcard_T-SNE_3.npy,0.0,0.0,0.0,0.0,0.0
creditcard_T-SNE_5.npy,0.0,0.0,0.0,0.0,0.0
glass_Isomap_10.npy,1.0,1.0,1.0,1.0,1.0
glass_Isomap_2.npy,1.0,1.0,1.0,1.0,1.0
glass_Isomap_3.npy,1.0,1.0,1.0,1.0,1.0
glass_Isomap_5.npy,1.0,1.0,1.0,1.0,1.0
glass_KPCA_10.npy,0.0,0.0,0.0,0.0,0.0
glass_KPCA_2.npy,0.0,0.0,0.0,0.0,0.0
glass_KPCA_3.npy,0.0,0.0,0.0,0.0,0.0
glass_KPCA_5.npy,0.0,0.0,0.0,0.0,0.0
glass_LDA_10.npy,1.0,0.0,1.0,1.0,1.0
glass_LDA_2.npy,1.0,0.0,1.0,1.0,1.0
glass_LDA_3.npy,1.0,1.0,1.0,1.0,1.0
glass_LDA_5.npy,1.0,1.0,1.0,1.0,1.0
glass_LE_10.npy,1.0,1.0,1.0,1.0,1.0
glass_LE_2.npy,1.0,1.0,1.0,1.0,1.0
glass_LE_3.npy,1.0,1.0,1.0,1.0,1.0
glass_LE_5.npy,1.0,1.0,1.0,1.0,1.0
glass_LLE_10.npy,1.0,1.0,1.0,1.0,1.0
glass_LLE_2.npy,1.0,1.0,1.0,1.0,1.0
glass_LLE_3.npy,1.0,1.0,1.0,1.0,1.0
glass_LLE_5.npy,1.0,1.0,1.0,1.0,1.0
glass_MDS_10.npy,1.0,0.0,1.0,1.0,1.0
glass_MDS_2.npy,1.0,1.0,1.0,1.0,1.0
glass_MDS_3.npy,1.0,0.0,1.0,1.0,1.0
glass_MDS_5.npy,1.0,0.0,1.0,1.0,1.0
glass_PCA_10.npy,1.0,1.0,1.0,1.0,1.0
glass_PCA_2.npy,1.0,1.0,1.0,1.0,1.0
glass_PCA_3.npy,1.0,0.0,1.0,1.0,1.0
glass_PCA_5.npy,1.0,1.0,1.0,1.0,1.0
glass_T-SNE_10.npy,1.0,1.0,1.0,1.0,1.0
glass_T-SNE_2.npy,1.0,1.0,1.0,1.0,1.0
glass_T-SNE_3.npy,1.0,1.0,1.0,1.0,1.0
glass_T-SNE_5.npy,1.0,1.0,1.0,1.0,1.0
spambase_Isomap_10.npy,0.0,0.0,0.0,0.0,0.0
spambase_Isomap_2.npy,0.0,0.0,0.0,0.0,0.0
spambase_Isomap_3.npy,0.0,0.0,0.0,0.0,0.0
spambase_Isomap_5.npy,0.0,0.0,0.0,0.0,0.0
spambase_KPCA_10.npy,0.0,0.0,0.0,0.0,0.0
spambase_KPCA_2.npy,0.0,0.0,0.0,0.0,0.0
spambase_KPCA_3.npy,0.0,0.0,0.0,0.0,0.0
spambase_KPCA_5.npy,0.0,0.0,0.0,0.0,0.0
spambase_LDA_10.npy,0.0,0.0,1.0,1.0,1.0
spambase_LDA_2.npy,0.0,0.0,1.0,1.0,1.0
spambase_LDA_3.npy,0.0,0.0,1.0,1.0,1.0
spambase_LDA_5.npy,0.0,0.0,1.0,1.0,1.0
spambase_LE_10.npy,0.0,0.0,0.0,0.0,0.0
spambase_LE_2.npy,0.0,0.0,0.0,0.0,0.0
spambase_LE_3.npy,0.0,0.0,0.0,0.0,0.0
spambase_LE_5.npy,0.0,0.0,0.0,0.0,0.0
spambase_LLE_10.npy,0.0,0.0,0.0,0.0,0.0
spambase_LLE_2.npy,0.0,0.0,0.0,0.0,0.0
spambase_LLE_3.npy,0.0,0.0,0.0,0.0,0.0
spambase_LLE_5.npy,0.0,0.0,0.0,0.0,0.0
spambase_MDS_10.npy,0.0,0.0,0.0,0.0,0.0
spambase_MDS_2.npy,0.0,0.0,0.0,0.0,0.0
spambase_MDS_3.npy,0.0,0.0,0.0,0.0,0.0
spambase_MDS_5.npy,0.0,0.0,0.0,0.0,0.0
spambase_PCA_10.npy,0.0,0.0,0.0,0.0,0.0
spambase_PCA_2.npy,0.0,0.0,0.0,0.0,0.0
spambase_PCA_3.npy,0.0,0.0,0.0,0.0,0.0
spambase_PCA_5.npy,0.0,0.0,0.0,0.0,0.0
spambase_T-SNE_10.npy,0.0,0.0,0.0,0.0,0.0
spambase_T-SNE_2.npy,0.0,0.0,0.0,0.0,0.0
spambase_T-SNE_3.npy,0.0,0.0,0.0,0.0,0.0
spambase_T-SNE_5.npy,0.0,0.0,0.0,0.0,0.0
wdbc_Isomap_10.npy,0.0,1.0,1.0,0.0,1.0
wdbc_Isomap_2.npy,0.0,1.0,1.0,0.0,0.0
wdbc_Isomap_3.npy,0.0,1.0,1.0,0.0,0.0
wdbc_Isomap_5.npy,0.0,1.0,1.0,0.0,1.0
wdbc_KPCA_10.npy,0.0,0.0,0.0,0.0,0.0
wdbc_KPCA_2.npy,0.0,0.0,0.0,0.0,0.0
wdbc_KPCA_3.npy,0.0,0.0,0.0,0.0,0.0
wdbc_KPCA_5.npy,0.0,0.0,0.0,0.0,0.0
wdbc_LDA_10.npy,0.0,1.0,1.0,1.0,1.0
wdbc_LDA_2.npy,0.0,1.0,1.0,1.0,1.0
wdbc_LDA_3.npy,0.0,1.0,1.0,1.0,1.0
wdbc_LDA_5.npy,0.0,1.0,1.0,1.0,1.0
wdbc_LE_10.npy,0.0,0.0,1.0,0.0,1.0
wdbc_LE_2.npy,0.0,1.0,1.0,0.0,0.0
wdbc_LE_3.npy,0.0,0.0,1.0,0.0,1.0
wdbc_LE_5.npy,0.0,0.0,1.0,0.0,1.0
wdbc_LLE_10.npy,0.0,1.0,0.0,0.0,1.0
wdbc_LLE_2.npy,0.0,1.0,1.0,1.0,1.0
wdbc_LLE_3.npy,0.0,1.0,0.0,1.0,1.0
wdbc_LLE_5.npy,0.0,1.0,0.0,0.0,1.0
wdbc_MDS_10.npy,0.0,1.0,1.0,1.0,1.0
wdbc_MDS_2.npy,0.0,1.0,1.0,0.0,1.0
wdbc_MDS_3.npy,0.0,1.0,0.0,1.0,0.0
wdbc_MDS_5.npy,0.0,1.0,1.0,0.0,1.0
wdbc_PCA_10.npy,0.0,1.0,0.0,0.0,0.0
wdbc_PCA_2.npy,0.0,1.0,1.0,0.0,1.0
wdbc_PCA_3.npy,0.0,1.0,1.0,0.0,1.0
wdbc_PCA_5.npy,0.0,1.0,1.0,0.0,1.0
wdbc_T-SNE_10.npy,0.0,1.0,1.0,0.0,1.0
wdbc_T-SNE_2.npy,0.0,1.0,1.0,0.0,1.0
wdbc_T-SNE_3.npy,0.0,1.0,1.0,0.0,1.0
wdbc_T-SNE_5.npy,0.0,1.0,1.0,0.0,1.0
wine_Isomap_10.npy,0.0,1.0,0.0,0.0,0.0
wine_Isomap_2.npy,0.0,0.0,0.0,0.0,0.0
wine_Isomap_3.npy,0.0,0.0,0.0,0.0,0.0
wine_Isomap_5.npy,0.0,0.0,0.0,0.0,0.0
wine_KPCA_10.npy,0.0,0.0,0.0,0.0,0.0
wine_KPCA_2.npy,0.0,0.0,0.0,0.0,0.0
wine_KPCA_3.npy,0.0,0.0,0.0,0.0,0.0
wine_KPCA_5.npy,0.0,0.0,0.0,0.0,0.0
wine_LDA_10.npy,1.0,1.0,1.0,1.0,1.0
wine_LDA_2.npy,1.0,1.0,1.0,1.0,1.0
wine_LDA_3.npy,1.0,1.0,1.0,1.0,1.0
wine_LDA_5.npy,1.0,1.0,1.0,1.0,1.0
wine_LE_10.npy,0.0,0.0,0.0,0.0,0.0
wine_LE_2.npy,0.0,0.0,0.0,0.0,0.0
wine_LE_3.npy,0.0,0.0,0.0,0.0,0.0
wine_LE_5.npy,0.0,0.0,0.0,0.0,0.0
wine_LLE_10.npy,1.0,1.0,0.0,0.0,0.0
wine_LLE_2.npy,0.0,0.0,0.0,0.0,0.0
wine_LLE_3.npy,0.0,0.0,0.0,0.0,0.0
wine_LLE_5.npy,0.0,0.0,0.0,0.0,0.0
wine_MDS_10.npy,0.0,0.0,0.0,0.0,0.0
wine_MDS_2.npy,0.0,0.0,0.0,0.0,0.0
wine_MDS_3.npy,0.0,0.0,0.0,0.0,0.0
wine_MDS_5.npy,0.0,1.0,0.0,0.0,0.0
wine_PCA_10.npy,1.0,1.0,0.0,1.0,1.0
wine_PCA_2.npy,0.0,0.0,0.0,0.0,0.0
wine_PCA_3.npy,0.0,1.0,0.0,0.0,0.0
wine_PCA_5.npy,1.0,1.0,0.0,1.0,1.0
wine_T-SNE_10.npy,0.0,1.0,0.0,0.0,0.0
wine_T-SNE_2.npy,0.0,0.0,0.0,0.0,0.0
wine_T-SNE_3.npy,0.0,0.0,0.0,0.0,0.0
wine_T-SNE_5.npy,0.0,0.0,0.0,0.0,0.0
